made_on,ticker,name,kind,horizon,bias,confidence,p_up,entry_date,entry_close,status,exit_date,exit_close,return_pct
2026-09-29,^NSEI,Nifty 50,global_cue,1,neutral,none,0.492,2026-09-29,22716.2,unscored,,,
2026-09-29,^NSEI,Nifty 50,setup,5,neutral,none,0.457,2026-09-29,22716.2,unscored,,,
2026-09-29,^NSEBANK,Bank Nifty,setup,5,neutral,none,0.469,2026-09-29,54259.95,unscored,,,
2026-09-29,RELIANCE.NS,RELIANCE.NS,setup,5,neutral,none,0.554,2026-09-29,1182.0,unscored,,,
2026-09-29,TCS.NS,TCS.NS,setup,5,neutral,none,0.457,2026-09-29,2032.4,unscored,,,
2026-09-29,HDFCBANK.NS,HDFCBANK.NS,setup,5,bearish,low,0.4,2026-09-29,722.7,open,,,
2026-09-29,INFY.NS,INFY.NS,setup,5,neutral,none,0.563,2026-09-29,1015.4,unscored,,,
2026-09-29,ICICIBANK.NS,ICICIBANK.NS,setup,5,neutral,none,0.545,2026-09-29,1292.2,unscored,,,
2026-09-30,^NSEI,Nifty 50,setup,5,neutral,none,0.457,2026-09-30,22723.05,unscored,,,
2026-09-30,^NSEBANK,Bank Nifty,setup,5,neutral,none,0.5,2026-09-30,54980.05,unscored,,,
2026-09-30,RELIANCE.NS,RELIANCE.NS,setup,5,neutral,none,0.545,2026-09-30,1189.3,unscored,,,
2026-09-30,TCS.NS,TCS.NS,setup,5,bearish,low,0.407,2026-09-30,2065.2,open,,,
2026-09-30,HDFCBANK.NS,HDFCBANK.NS,setup,5,bearish,low,0.4,2026-09-30,716.6,open,,,
2026-09-30,INFY.NS,INFY.NS,setup,5,bullish,low,0.639,2026-09-30,999.0,open,,,
2026-09-30,ICICIBANK.NS,ICICIBANK.NS,setup,5,bullish,moderate,0.62,2026-09-30,1328.4,open,,,
2026-10-01,^NSEI,Nifty 50,setup,5,neutral,none,0.496,2026-10-01,22369.0,unscored,,,
2026-10-01,^NSEBANK,Bank Nifty,setup,5,neutral,none,0.484,2026-10-01,54425.0,unscored,,,
2026-10-01,RELIANCE.NS,RELIANCE.NS,setup,5,neutral,none,0.554,2026-10-01,1169.0,unscored,,,
2026-10-01,TCS.NS,TCS.NS,setup,5,bearish,moderate,0.348,2026-10-01,2065.0,open,,,
2026-10-01,HDFCBANK.NS,HDFCBANK.NS,setup,5,bearish,low,0.392,2026-10-01,717.15,open,,,
2026-10-01,INFY.NS,INFY.NS,setup,5,neutral,none,0.556,2026-10-01,1014.0,unscored,,,
2026-10-01,ICICIBANK.NS,ICICIBANK.NS,setup,5,bullish,moderate,0.684,2026-10-01,1315.1,open,,,
